week,above_median
1,0.0033333333333333335
2,0.016666666666666666
3,0.11066666666666666
4,0.22466666666666665
5,0.5
6,0.8933333333333333
7,0.988
8,0.9993333333333333
9,1.0
10,1.0
11,1.0
12,1.0
13,1.0
14,1.0
15,1.0
16,1.0
17,1.0
18,1.0
19,1.0
20,1.0
21,1.0
22,1.0
23,1.0
24,1.0
25,1.0
26,1.0
27,1.0
28,1.0
29,1.0
30,1.0
31,1.0
32,1.0
33,1.0
34,1.0
35,1.0
36,0.9953333333333333
37,0.9906666666666667
